"Variable / Field Name","Form Name","Section Header","Field Type","Field Label","Choices, Calculations, OR Slider Labels","Field Note","Text Validation Type OR Show Slider Number","Text Validation Min","Text Validation Max",Identifier?,"Branching Logic (Show field only if...)","Required Field?","Custom Alignment","Question Number (surveys only)","Matrix Group Name","Matrix Ranking?","Field Annotation"
shaz_ex_desc_field,shazam_example,"Example of Shazam Table",descriptive,"This is a descriptive field that will be replaced with the 'html' content of the shazam config",,,,,,,,,,,,,
shaz_ex_last_name_1,shazam_example,,text,"Last Name",,,,,,,,,,,,,"@PLACEHOLDER='Note how second row is branched on this field'"
shaz_ex_first_name_1,shazam_example,,text,"First Name",,,,,,,,,,,,,"@PLACEHOLDER='ex. Jane'"
shaz_ex_emp_id_1,shazam_example,,text,"Employee ID",,,integer,,,,,,,,,,"@PLACEHOLDER='ex. 123456789'"
shaz_ex_salary_1,shazam_example,,text,Salary,,,integer,,,,,,,,,,"@PLACEHOLDER='ex. 50000'"
shaz_ex_fte_1,shazam_example,,text,Effort,,,number,,,,,,,,,,"@PLACEHOLDER='ex. 0.25'"
shaz_ex_last_name_2,shazam_example,,text,"Last Name",,,,,,,[shaz_ex_last_name_1]<>'',,,,,,"@PLACEHOLDER='ex. Doe'"
shaz_ex_first_name_2,shazam_example,,text,"First Name",,,,,,,[shaz_ex_last_name_1]<>'',,,,,,"@PLACEHOLDER='ex. Jane'"
shaz_ex_emp_id_2,shazam_example,,text,"Employee ID",,,integer,,,,[shaz_ex_last_name_1]<>'',,,,,,"@PLACEHOLDER='ex. 123456789'"
shaz_ex_salary_2,shazam_example,,text,Salary,,,integer,,,,[shaz_ex_last_name_1]<>'',,,,,,"@PLACEHOLDER='ex. 50000'"
shaz_ex_fte_2,shazam_example,,text,Effort,,,number,,,,[shaz_ex_last_name_1]<>'',,,,,,"@PLACEHOLDER='ex. 0.25'"
shaz_ex_last_name_3,shazam_example,,text,"Last Name",,,,,,,[shaz_ex_last_name_2]<>'',,,,,,"@PLACEHOLDER='ex. Doe'"
shaz_ex_first_name_3,shazam_example,,text,"First Name",,,,,,,[shaz_ex_last_name_2]<>'',,,,,,"@PLACEHOLDER='ex. Jane'"
shaz_ex_emp_id_3,shazam_example,,text,"Employee ID",,,integer,,,,[shaz_ex_last_name_2]<>'',,,,,,"@PLACEHOLDER='ex. 123456789'"
shaz_ex_salary_3,shazam_example,,text,Salary,,,integer,,,,[shaz_ex_last_name_2]<>'',,,,,,"@PLACEHOLDER='ex. 50000'"
shaz_ex_fte_3,shazam_example,,text,Effort,,,number,,,,[shaz_ex_last_name_2]<>'',,,,,,"@PLACEHOLDER='ex. 0.25'"
shaz_ex_last_name_4,shazam_example,,text,"Last Name",,,,,,,[shaz_ex_last_name_3]<>'',,,,,,"@PLACEHOLDER='ex. Doe'"
shaz_ex_first_name_4,shazam_example,,text,"First Name",,,,,,,[shaz_ex_last_name_3]<>'',,,,,,"@PLACEHOLDER='ex. Jane'"
shaz_ex_emp_id_4,shazam_example,,text,"Employee ID",,,integer,,,,[shaz_ex_last_name_3]<>'',,,,,,"@PLACEHOLDER='ex. 123456789'"
shaz_ex_salary_4,shazam_example,,text,Salary,,,integer,,,,[shaz_ex_last_name_3]<>'',,,,,,"@PLACEHOLDER='ex. 50000'"
shaz_ex_fte_4,shazam_example,,text,Effort,,,number,,,,[shaz_ex_last_name_3]<>'',,,,,,"@PLACEHOLDER='ex. 0.25'"
shaz_ex_sum_salary,shazam_example,,calc,"Sum Salary","sum([shaz_ex_salary_1],[shaz_ex_salary_2],[shaz_ex_salary_3],[shaz_ex_salary_4])",,,,,,,,,,,,
shaz_ex_sum_fte,shazam_example,,calc,"Sum Salary","sum([shaz_ex_fte_1],[shaz_ex_fte_2],[shaz_ex_fte_3],[shaz_ex_fte_4])",,,,,,,,,,,,
